{"cameraMode":{"drawMode":0,"name":"Shaded","section":"Shading Mode"},"sceneLighting":false,"audioPlay":false,"sceneViewState":{"m_AlwaysRefresh":true,"showFog":true,"showSkybox":false,"showFlares":true,"showImageEffects":true,"showParticleSystems":true,"showVisualEffectGraphs":true,"m_FxEnabled":true},"in2DMode":false,"pivot":{"x":6.352786064147949,"y":1.4471495151519776,"z":498.0001525878906},"rotation":{"x":-0.019549274817109109,"y":0.9744850993156433,"z":-0.09233485907316208,"w":-0.20433178544044496},"size":0.1697336733341217,"orthographic":false}